"","year","age","caan","caaw","waa","waa.sd","laa","laa.sd"
"1",2023,1,4175.61248480552,471.077284948401,0.112816332133929,0.0191274411272745,231.230334931047,11.4547685135408
"2",2023,2,4157.77508246931,597.538616047776,0.143715954854609,0.0446314820742192,246.450868727252,20.2913228638095
"3",2023,3,1030.90348025901,217.436179545455,0.210918076919116,0.0696710919645746,274.490483780363,26.5053861065352
"4",2023,4,106.648127846425,31.2877416805904,0.29337356700387,0.0624521203618829,304.23910734853,15.9001967097308
"5",2023,6,5.14574673765451,2.66388888888889,0.517687524221823,0,360,0
