"","year","age","caan","caaw","waa","waa.sd","laa","laa.sd"
"1",2022,1,40.8242699893442,5.15476167232506,0.126267087535687,0.0438071695528843,235.578694259471,22.3556956005085
"2",2022,2,115.919208768144,25.6450375809499,0.221231992984388,0.0735567855554322,277.715593612805,26.8490337489081
"3",2022,3,58.7134853138842,20.1262916788676,0.34278822950591,0.0778621449297295,317.294601946113,21.6213158852054
"4",2022,4,15.0476108239831,6.37763655173562,0.423830508798837,0.0820901501851812,338.409640852153,19.3044204850887
"5",2022,5,19.0939945828917,9.05215896508747,0.474084085746951,0.0868370279739647,350.043521572528,18.9142887715062
"6",2022,6,8.90412279946805,5.16529502180887,0.580101503330284,0.0589074514943557,372.933636481414,11.1931919992213
"7",2022,7,4.94172292318522,2.83408008013642,0.573500401416617,0.0696151832906352,371.304050503532,13.4582474889404
"8",2022,8,0.00552239174189374,0.00377660011207593,0.68387037511773,NA,387.557256700173,NA
"9",2022,9,0.394339724844291,0.273228614620167,0.692876211566194,NA,393.833195900505,NA
