"","year","age","caan","caaw","waa","waa.sd","laa","laa.sd"
"1",2022,1,88.3759680371456,11.4098331941994,0.129105609224033,0.0469842739870323,236.797421524497,23.2473160679994
"2",2022,2,257.360042366991,57.8097414127889,0.224625939913209,0.0742044968176604,278.91585032117,26.959101891051
"3",2022,3,112.505977604545,39.1980832461797,0.348408894183025,0.0755479163967896,319.016173530591,20.9099197040047
"4",2022,4,36.6573338194789,15.5742210419262,0.424859623414576,0.0754477261328532,338.613770709192,17.925462956194
"5",2022,5,38.536126268379,19.0819665763104,0.495170854574663,0.0827365671406114,354.726027283725,17.2977652601969
"6",2022,6,18.4328992192081,10.6613520349106,0.578387149418194,0.0584897329007878,373.027438206696,11.0730426952785
"7",2022,7,8.83863730242794,5.10464275550765,0.5775373036413,0.0681904960814678,372.93140318081,12.8880334395462
"8",2022,8,0.0293215778389463,0.0200454348914745,0.683641071485902,NA,388.827136930771,NA
"9",2022,9,0.851723334883143,0.59006956580163,0.692794880256026,NA,393.9480309212,NA
